token,head,timelike_cost,spacelike_count,null_links
0.0,56.0,345.8318121884329,0,0
0.0,58.0,321.48407354380953,0,0
0.0,61.0,286.425723885083,0,0
0.0,65.0,242.81661726882948,0,0
0.0,70.0,192.54092213710368,0,0
0.0,76.0,136.572923031118,0,0
0.0,83.0,77.61259289726054,2,0
1.0,84.0,73.90612563497547,0,0
1.0,86.0,63.20040729848383,0,0
1.0,89.0,48.97819384308255,0,0
1.0,93.0,33.46387266125717,0,0
1.0,98.0,18.761312361764745,0,0
1.0,104.0,6.928203230275509,0,0
